model,accuracy,log_loss,brier_score
Empirical outcome baseline,0.47768361581920904,1.051419496035018,0.6340704080614648
Elo-only logistic regression,0.5943502824858757,0.8739254646018443,0.5149116331727824
Elo + rolling features logistic regression,0.5991525423728814,0.8673526427718785,0.5103356905793257
