model,accuracy,log_loss,brier_score
Empirical outcome baseline,0.47768361581920904,1.051419496035018,0.6340704080614648
Elo-only logistic regression,0.5943502824858757,0.8739254646018443,0.5149116331727824
"Logistic regression, Elo + rolling features",0.5991525423728814,0.8673526427718785,0.5103356905793257
"Gradient boosting, Elo + rolling features",0.5949152542372881,0.8693919717553085,0.5110951825214172
