model,accuracy,log_loss,brier_score,ece
"Logistic regression, uncalibrated",0.6142270861833106,0.8467219337856234,0.4970510503785299,0.02620686401753337
"Logistic regression, calibrated",0.6121751025991792,0.8439638110368497,0.4951655845336004,0.02868514724812532
