model,accuracy,log_loss,brier_score,ece
"Logistic regression, uncalibrated",0.5956236323851204,0.8796311703714371,0.5170479849836935,0.020783640370985915
"Logistic regression, calibrated",0.6030634573304158,0.8768823227351588,0.5154785059926058,0.014430981801163438
